UserId;Name
1;Jack
2;Oliver
3;James
4;Charlie
5;Harris
6;Lewis
7;Leo
8;Noah
9;Alfie
10;Rory
11;Alexander
12;Max
13;Logan
14;Lucas
15;Harry
16;Theo
17;Thomas
18;Brodie
19;Archie
20;Jacob
21;Finlay
22;Finn
23;Daniel
24;Joshua
25;Oscar
26;Arthur
27;Hunter
28;Ethan
29;Mason
30;Harrison
31;Freddie
32;Ollie
33;Adam
34;William
35;Jaxon
36;Aaron
37;Cameron
38;Liam
39;George
40;Jamie
41;Callum
42;Matthew
43;Muhammad
44;Caleb
45;Nathan
46;Tommy
47;Carter
48;Blake
49;Andrew
50;Luke
51;Jude
52;Angus
53;Riley
54;Luca
55;Samuel
56;Joseph
57;David
58;Isaac
59;Ryan
60;Hamish
61;Sonny
62;Arlo
63;Arran
64;Cole
65;Robert
66;Blair
67;Dylan
68;Louie
69;Ruaridh
70;Connor
71;Benjamin
72;Kai
73;Michael
74;Jackson
75;Leon
76;Cooper
77;Louis
78;Theodore
79;Fraser
80;Owen
81;Reuben
82;John
83;Carson
84;Innes
85;Elijah
86;Murray
87;Grayson
88;Aiden
89;Aidan
90;Cody
91;Elliot
92;Ben
93;Henry
94;Sam
95;Alex
96;Ellis
97;Gabriel
98;Jax
99;Callan
100;Ruairidh
101;Frankie
102;Lachlan
103;Roman
104;Brody
105;Josh
106;Sebastian
107;Struan
108;Evan
109;Kyle
110;Myles
111;Calum
112;Lochlan
113;Jayden
114;Lyle
115;Robbie
116;Calvin
117;Corey
118;Jaxson
119;Christopher
120;Teddy
121;Eli
122;Marcus
123;Parker
124;Tyler
125;Euan
126;Hudson
127;Joey
128;Austin
129;Zac
130;Dominic
131;Kayden
132;Zack
133;Harvey
134;Rowan
135;Hugo
136;Edward
137;Fergus
138;Finley
139;Patrick
140;Cillian
141;Conor
142;Ruben
143;Flynn
144;Jake
145;Albie
146;Levi
147;Mohammad
148;Rhys
149;Ronan
150;Zach
151;Zachary
152;Ezra
153;Charles
154;Kian
155;Kieran
156;Mohammed
157;Zak
158;Anthony
159;Bradley
160;Elliott
161;Mark
162;Miller
163;Felix
164;Harley
165;Jay
166;Jordan
167;Milo
168;Oran
169;Peter
170;Sean
171;Ciaran
172;Jasper
173;Kaiden
174;Robin
175;Caelan
176;Cohen
177;Magnus
178;Xander
179;Jason
180;Reece
181;Ruairi
182;Scott
183;Cian
184;Filip
185;Nico
186;Olly
187;Gregor
188;Junior
189;Antoni
190;Colton
191;Jenson
192;Layton
193;Ross
194;Frederick
195;Maxwell
196;Nicholas
197;Danny
198;Declan
199;Ibrahim
200;Oskar
201;Reggie
202;Shay
203;Zander
204;Alasdair
205;Ashton
206;Cruz
207;Findlay
208;Hayden
209;Jace
210;Kerr
211;Rio
212;Rudi
213;Spencer
214;Taylor
215;Toby
216;Joel
217;Keir
218;Paul
219;Bobby
220;Campbell
221;Kacper
222;Miles
223;Otis
224;Travis
225;Alan
226;Alfred
227;Erik
228;Kevin
229;Marcel
230;Nathaniel
231;Quinn
232;Yusuf
233;Billy
234;Douglas
235;Eden
236;Ewan
237;Jakub
238;Jonah
239;Leonardo
240;Mac
241;Murdo
242;Ronnie
243;Vincent
244;Ali
245;Asher
246;Bailey
247;Enzo
248;Lennox
249;Niall
250;Alistair
251;Colby
252;Francis
253;Julian
254;Keegan
255;Luka
256;Odin
257;Steven
258;Duncan
259;Kade
260;Musa
261;Mustafa
262;Oakley
263;Rex
264;Archer
265;Axel
266;Ayden
267;Caiden
268;Craig
269;Lauchlan
270;Lennon
271;Lukas
272;Maximilian
273;Mylo
274;Nikodem
275;Rocco
276;Rohan
277;Xavier
278;Abel
279;Elias
280;Eric
281;Franciszek
282;Kaleb
283;Karson
284;Kody
285;Lincoln
286;Phoenix
287;Stephen
288;Tristan
289;Abdullah
290;Dexter
291;Ian
292;Jensen
293;Jonathan
294;Richard
295;Zayn
296;Adrian
297;Aleksander
298;Ayaan
299;Bruno
300;Cailean
301;Christian
302;Coby
303;Conall
304;Haris
305;Ivor
306;Kit
307;Lawson
308;Lee
309;Marco
310;Martin
311;Matei
312;Munro
313;Oliwier
314;River
315;Ruari
316;Stanley
317;Szymon
318;Tom
319;Tymon
320;Bruce
321;Darragh
322;Dean
323;Idris
324;Jesse
325;Malcolm
326;Mateo
327;Mikey
328;Nate
329;Omar
330;Preston
331;Ruaraidh
332;Rudy
333;Vinnie
334;Alec
335;Allan
336;Callen
337;Colin
338;Conlan
339;Curtis
340;Dawson
341;Dominik
342;Eddie
343;Greyson
344;Jaxx
345;Kobi
346;Leyton
347;Nairn
348;Nicolas
349;Ralph
350;Seth
351;Shaun
352;Tobias
353;Victor
354;Wiktor
355;Ahmed
356;Albert
357;Archibald
358;Aron
359;Azaan
360;Bear
361;Beau
362;Bodhi
363;Brady
364;Brandon
365;Cairn
366;Chester
367;Clark
368;Coen
369;Damian
370;Donald
371;Drew
372;Fabian
373;Fletcher
374;Hugh
375;Jan
376;Joe
377;Kalvin
378;Karter
379;Kayson
380;Leonard
381;Lyall
382;Mack
383;Marley
384;Marshall
385;Micah
386;Muhammed
387;Nikolas
388;Philip
389;Rafael
390;Stefan
391;Stewart
392;Torin
393;Will
394;Abdul
395;Ahmad
396;Amir
397;Ari
398;Blaine
399;Bryce
400;Cade
401;Casey
402;Clayton
403;Denis
404;Eesa
405;Eoin
406;Frank
407;Freddy
408;Gary
409;Glen
410;Hamza
411;Hassan
412;Hector
413;Ismaeel
414;Ivan
415;Ivar
416;Kenzie
417;Killian
418;Koby
419;Kole
420;Leighton
421;Matteo
422;Mikolaj
423;Millar
424;Mitchell
425;Nolan
426;Rayyan
427;Rogan
428;Saul
429;Syed
430;Tate
431;Ace
432;Ajay
433;Albi
434;Aydin
435;Borys
436;Brayden
437;Conan
438;Cory
439;Edan
440;Fynn
441;Gordon
442;Hughie
443;Ismail
444;Jaiden
445;Lenny
446;Lockie
447;Loki
448;Mackenzie
449;Malachy
450;Mohamed
451;Olivier
452;Otto
453;Ramsay
454;Rayan
455;Remy
456;Romeo
457;Sami
458;Sandy
459;Shae
460;Shane
461;Stuart
462;Wyatt
463;Zakariya
464;Alastair
465;Ally
466;Anton
467;Avery
468;Ayan
469;Barclay
470;Bjorn
471;Cayden
472;Colt
473;Corran
474;Dawid
475;Emmanuel
476;Forrest
477;Gavin
478;Grant
479;Hubert
480;Ignacy
481;Jaden
482;Jakob
483;Johnny
484;Justin
485;Kane
486;Kilian
487;Kodi
488;Korey
489;Kylo
490;Kyran
491;Lachlann
492;Maksymilian
493;Marc
494;Maximus
495;Niven
496;Noel
497;Odhran
498;Oisin
499;Ralphie
500;Ritchie
501;Roan
502;Roddy
503;Rueben
504;Rupert
505;Ryley
506;Santiago
507;Seamus
508;Simon
509;Stanislaw
510;Tymoteusz
511;Vinny
512;Walter
513;Wren
514;Yahya
515;Zain
516;Ailbe
517;Anderson
518;Andy
519;Antonio
520;Aodhan
521;Arjan
522;Artur
523;Aryan
524;Ashley
525;August
526;Aulay
527;Ayman
528;Brendan
529;Brian
530;Caden
531;Cailen
532;Calder
533;Carlos
534;Casper
535;Conlyn
536;Cormac
537;Dale
538;Dalton
539;Damon
540;Danish
541;Dante
542;Darius
543;Darren
544;Daryl
545;Deacon
546;Dennis
547;Dougal
548;Eoghan
549;Ernest
550;Fionn
551;Ford
552;Fox
553;Franklin
554;Georgie
555;Gray
556;Haider
557;Harper
558;Iain
559;Ianis
560;Igor
561;Isaiah
562;Issac
563;Jai
564;Jonas
565;Kaden
566;Kailen
567;Keanu
568;Kingsley
569;Knox
570;Kobe
571;Koen
572;Kolby
573;Kolton
574;Krystian
575;Kyron
576;Laith
577;Laurie
578;Leland
579;Lleyton
580;Loui
581;Maddox
582;Markus
583;Mateusz
584;Mathew
585;Natan
586;Oli
587;Orion
588;Orrin
589;Orson
590;Patryk
591;Rafe
592;Raphael
593;Ray
594;Raymond
595;Seumas
596;Solomon
597;Tadhg
598;Ted
599;Teddie
600;Tiernan
601;Tierney
602;Timothy
603;Torrin
604;Wallace
605;Wesley
606;Yousaf
607;Yousef
608;Yousif
609;Alejandro
610;Alessandro
